epoch,train_loss,pixel_accuracy,sky_iou,obstacle_iou,miou,macro_f1,seconds
1,0.6173620395362377,0.8638423935618581,0.6427727979922281,0.8196603097923231,0.7312165538922756,0.8417199758945364,18.15
2,0.31083871237933636,0.9277022720187098,0.8190637267329529,0.8925295753729368,0.8557966510529449,0.9218733203530678,15.19
3,0.23222250491380692,0.94198322190182,0.8517964690966195,0.912959583731063,0.8823780264138412,0.9372336525127061,15.69
4,0.20266253612935542,0.9458685228409162,0.8643717552514294,0.9173584067562371,0.8908650810038332,0.9420753888071153,15.39
5,0.19623703975230455,0.9486834521658604,0.8702363337563674,0.9217562534801309,0.8959962936182492,0.9449508624897658,14.8
6,0.18457609759643673,0.9505811183486859,0.8746555835501365,0.9245690788788549,0.8996123312144957,0.946971847425909,15.09
7,0.17489968966692687,0.9519299531053266,0.8766361108934774,0.9269906484013902,0.9018133796474338,0.9481877655601009,15.77
8,0.17115699239075183,0.9537166040818441,0.8815788850779583,0.929386412644016,0.9054826488609872,0.950231957664603,15.73
9,0.163299869466573,0.9536405124091872,0.8803866610414356,0.9296284398757897,0.9050075504586126,0.9499599986357805,15.83
10,0.16323606297373772,0.954845952524347,0.8842627749688329,0.9310637044758064,0.9076632397223197,0.9514391530936751,15.31
11,0.15908391093835234,0.955594380040206,0.8866872008909311,0.9319475295809803,0.9093173652359556,0.9523580317664295,15.61
12,0.15444640945643187,0.9560012045149885,0.887881482843549,0.9324724088138452,0.910176945828697,0.9528339195639985,15.67
13,0.15244014281779528,0.9560169316692154,0.8885529600675114,0.9322637784267485,0.9104083692471299,0.9529663805161566,15.24
14,0.1489072020165622,0.9572924501333571,0.8915419571855744,0.9341884810596219,0.9128652191225981,0.9543180904717936,15.75
15,0.1464811135083437,0.957564899952171,0.8912296260814613,0.934945461095203,0.9130875435883321,0.9544330454941198,15.35
16,0.14579367488622666,0.9577774478159146,0.8920221587642574,0.9351612081760687,0.9135916834701631,0.9547121498239008,15.86
17,0.1437199231237173,0.9581491174753662,0.8931696013460658,0.9356239498317063,0.914396775588886,0.9551560307812825,15.83
18,0.14217923283576966,0.9583896504223666,0.8934475502566505,0.9360917546101271,0.9147696524333888,0.9553583997783262,15.29
19,0.14124843813478946,0.9585422963310399,0.8941967958956488,0.9361815904545102,0.9151891931750795,0.955591268352078,15.75
20,0.13924878416582942,0.9582568947381568,0.8943362160415335,0.9354508526512981,0.9148935343464157,0.9554351236056716,15.79
21,0.13859300538897515,0.9589831192127541,0.8955957300133577,0.9367170859871304,0.916156408000244,0.9561236801305599,15.69
22,0.13784035257995128,0.9593520134920481,0.8953670022444618,0.9376723752417288,0.9165196887430953,0.9563145771365522,15.41
23,0.13672018339857459,0.9590178114647254,0.895787656086797,0.936729091563498,0.9162583738251475,0.9561802878995465,15.76
24,0.13641268173232673,0.9597664702622641,0.897029305618612,0.9380551424925079,0.91754222405556,0.9568788241800812,15.66
25,0.13470864333212376,0.9599538084229088,0.8974873449572245,0.938333539304894,0.9179104421310593,0.9570801806257996,15.78
26,0.1339377999305725,0.960094427684232,0.8981984522761547,0.9384089438233852,0.91830369804977,0.957297680202448,15.85
27,0.13333726627752185,0.9600139416596588,0.8975570330771405,0.9384508857370699,0.9180039594071052,0.9571307663118342,15.26
28,0.13308539567515254,0.9600879517971974,0.8978223850620991,0.9385304280952871,0.918176406578693,0.9572256176703811,15.6
29,0.13163403822109104,0.9603243216739613,0.8986871921953224,0.9387777753192498,0.9187324837572861,0.9575314293339922,15.58
30,0.13153821397572757,0.9598779480319317,0.8968121738520096,0.9383966517425938,0.9176044127973018,0.9569093876831887,15.78
31,0.13170891855843364,0.9607276769235465,0.8992366928618944,0.9395367701099001,0.9193867314858972,0.9578856546098617,15.94
32,0.13029927723109722,0.9606837334043831,0.8994094499837273,0.9393699565764014,0.9193897032800644,0.9578891960329368,15.62
33,0.12927377745509147,0.9607697701892717,0.899481230918021,0.9395483868438507,0.9195148088809358,0.9579565274734752,15.79
34,0.12928538732230663,0.9606050976332483,0.9003467588548708,0.93883492147394,0.9195908401644054,0.9580065796167453,15.83
35,0.12819872181862593,0.9604240040779586,0.8996781911634776,0.9386500032088319,0.9191640971861548,0.9577721861292992,15.77
36,0.12820949051529168,0.9605956150843762,0.8995843667191611,0.9390959806507286,0.9193401736849449,0.9578648212544297,15.7
37,0.1277647607959807,0.9610533215287164,0.9007095000362622,0.9397759915083057,0.9202427457722839,0.9583572304299299,15.51
38,0.12776468209922315,0.9614245286248084,0.9013999912507936,0.9404095836280878,0.9209047874394407,0.9587166213171967,15.61
39,0.12706431271508337,0.9611641054533445,0.9000883589336237,0.9402647382446764,0.92017654858915,0.9583151001826329,15.61
40,0.1267064731568098,0.9612018043671532,0.9000617788863954,0.9403633522200079,0.9202125655532016,0.958333931423448,15.32
